<?xml version="1.0" encoding="UTF-8"?><?xml-stylesheet type='text/xsl' href='_UpgradeReport_Files/UpgradeReport.xslt'?><UpgradeLog>
<Properties><Property Name="Solution" Value="Email Client">
</Property><Property Name="Solution File" Value="E:\Project_2015-2016\MailBox\Email Client\Email Client.sln">
</Property><Property Name="User Options File" Value="E:\Project_2015-2016\MailBox\Email Client\Email Client.suo">
</Property><Property Name="Date" Value="Wednesday, February 03, 2016">
</Property><Property Name="Time" Value="15:39 PM">
</Property></Properties><Event ErrorLevel="0" Project="" Source="Email Client.sln" Description="File successfully backed up as E:\Project_2015-2016\MailBox\Email Client\Backup\Email Client.sln">
</Event><Event ErrorLevel="0" Project="" Source="Email Client.suo" Description="File successfully backed up as E:\Project_2015-2016\MailBox\Email Client\Backup\Email Client.suo">
</Event><Event ErrorLevel="0" Project="Email Client" Source="Email Client\Email Client.csproj" Description="Project file successfully backed up as E:\Project_2015-2016\MailBox\Email Client\Backup\Email Client\Email Client.csproj">
</Event><Event ErrorLevel="0" Project="Email Client" Source="Email Client\Attachment.cs" Description="File successfully backed up as E:\Project_2015-2016\MailBox\Email Client\Backup\Email Client\Attachment.cs">
</Event><Event ErrorLevel="0" Project="Email Client" Source="Email Client\EmailClient.cs" Description="File successfully backed up as E:\Project_2015-2016\MailBox\Email Client\Backup\Email Client\EmailClient.cs">
</Event><Event ErrorLevel="0" Project="Email Client" Source="Email Client\EmailClient.Designer.cs" Description="File successfully backed up as E:\Project_2015-2016\MailBox\Email Client\Backup\Email Client\EmailClient.Designer.cs">
</Event><Event ErrorLevel="0" Project="Email Client" Source="Email Client\Internet.cs" Description="File successfully backed up as E:\Project_2015-2016\MailBox\Email Client\Backup\Email Client\Internet.cs">
</Event><Event ErrorLevel="0" Project="Email Client" Source="Email Client\MailDecoder.cs" Description="File successfully backed up as E:\Project_2015-2016\MailBox\Email Client\Backup\Email Client\MailDecoder.cs">
</Event><Event ErrorLevel="0" Project="Email Client" Source="Email Client\MailEncoder.cs" Description="File successfully backed up as E:\Project_2015-2016\MailBox\Email Client\Backup\Email Client\MailEncoder.cs">
</Event><Event ErrorLevel="0" Project="Email Client" Source="Email Client\MailMessage.cs" Description="File successfully backed up as E:\Project_2015-2016\MailBox\Email Client\Backup\Email Client\MailMessage.cs">
</Event><Event ErrorLevel="0" Project="Email Client" Source="Email Client\Pop3Client.cs" Description="File successfully backed up as E:\Project_2015-2016\MailBox\Email Client\Backup\Email Client\Pop3Client.cs">
</Event><Event ErrorLevel="0" Project="Email Client" Source="Email Client\Pop3ClientException.cs" Description="File successfully backed up as E:\Project_2015-2016\MailBox\Email Client\Backup\Email Client\Pop3ClientException.cs">
</Event><Event ErrorLevel="0" Project="Email Client" Source="Email Client\Program.cs" Description="File successfully backed up as E:\Project_2015-2016\MailBox\Email Client\Backup\Email Client\Program.cs">
</Event><Event ErrorLevel="0" Project="Email Client" Source="Email Client\Properties\AssemblyInfo.cs" Description="File successfully backed up as E:\Project_2015-2016\MailBox\Email Client\Backup\Email Client\Properties\AssemblyInfo.cs">
</Event><Event ErrorLevel="0" Project="Email Client" Source="Email Client\Properties\Resources.Designer.cs" Description="File successfully backed up as E:\Project_2015-2016\MailBox\Email Client\Backup\Email Client\Properties\Resources.Designer.cs">
</Event><Event ErrorLevel="0" Project="Email Client" Source="Email Client\Properties\Settings.Designer.cs" Description="File successfully backed up as E:\Project_2015-2016\MailBox\Email Client\Backup\Email Client\Properties\Settings.Designer.cs">
</Event><Event ErrorLevel="0" Project="Email Client" Source="Email Client\Rtf2Html.cs" Description="File successfully backed up as E:\Project_2015-2016\MailBox\Email Client\Backup\Email Client\Rtf2Html.cs">
</Event><Event ErrorLevel="0" Project="Email Client" Source="Email Client\SmtpClient.cs" Description="File successfully backed up as E:\Project_2015-2016\MailBox\Email Client\Backup\Email Client\SmtpClient.cs">
</Event><Event ErrorLevel="0" Project="Email Client" Source="Email Client\SmtpClientException.cs" Description="File successfully backed up as E:\Project_2015-2016\MailBox\Email Client\Backup\Email Client\SmtpClientException.cs">
</Event><Event ErrorLevel="0" Project="Email Client" Source="Email Client\ToolBarRenderer.cs" Description="File successfully backed up as E:\Project_2015-2016\MailBox\Email Client\Backup\Email Client\ToolBarRenderer.cs">
</Event><Event ErrorLevel="0" Project="Email Client" Source="Email Client\Properties\Settings.settings" Description="File successfully backed up as E:\Project_2015-2016\MailBox\Email Client\Backup\Email Client\Properties\Settings.settings">
</Event><Event ErrorLevel="0" Project="Email Client" Source="Email Client\Resources\add.ico" Description="File successfully backed up as E:\Project_2015-2016\MailBox\Email Client\Backup\Email Client\Resources\add.ico">
</Event><Event ErrorLevel="0" Project="Email Client" Source="Email Client\Resources\delete.ico" Description="File successfully backed up as E:\Project_2015-2016\MailBox\Email Client\Backup\Email Client\Resources\delete.ico">
</Event><Event ErrorLevel="0" Project="Email Client" Source="Email Client\Resources\bold.ico" Description="File successfully backed up as E:\Project_2015-2016\MailBox\Email Client\Backup\Email Client\Resources\bold.ico">
</Event><Event ErrorLevel="0" Project="Email Client" Source="Email Client\Resources\italic.ico" Description="File successfully backed up as E:\Project_2015-2016\MailBox\Email Client\Backup\Email Client\Resources\italic.ico">
</Event><Event ErrorLevel="0" Project="Email Client" Source="Email Client\Resources\underline.ico" Description="File successfully backed up as E:\Project_2015-2016\MailBox\Email Client\Backup\Email Client\Resources\underline.ico">
</Event><Event ErrorLevel="0" Project="Email Client" Source="Email Client\Resources\fontcolor.ico" Description="File successfully backed up as E:\Project_2015-2016\MailBox\Email Client\Backup\Email Client\Resources\fontcolor.ico">
</Event><Event ErrorLevel="0" Project="Email Client" Source="Email Client\Resources\fontbackcolor.ico" Description="File successfully backed up as E:\Project_2015-2016\MailBox\Email Client\Backup\Email Client\Resources\fontbackcolor.ico">
</Event><Event ErrorLevel="0" Project="Email Client" Source="Email Client\Resources\New_Email.bmp" Description="File successfully backed up as E:\Project_2015-2016\MailBox\Email Client\Backup\Email Client\Resources\New_Email.bmp">
</Event><Event ErrorLevel="0" Project="Email Client" Source="Email Client\Resources\DownloadFile.ico" Description="File successfully backed up as E:\Project_2015-2016\MailBox\Email Client\Backup\Email Client\Resources\DownloadFile.ico">
</Event><Event ErrorLevel="0" Project="Email Client" Source="Email Client\Resources\Delete_Email.bmp" Description="File successfully backed up as E:\Project_2015-2016\MailBox\Email Client\Backup\Email Client\Resources\Delete_Email.bmp">
</Event><Event ErrorLevel="0" Project="Email Client" Source="Email Client\app.config" Description="File successfully backed up as E:\Project_2015-2016\MailBox\Email Client\Backup\Email Client\app.config">
</Event><Event ErrorLevel="0" Project="Email Client" Source="Email Client\Resources\Clear.gif" Description="File successfully backed up as E:\Project_2015-2016\MailBox\Email Client\Backup\Email Client\Resources\Clear.gif">
</Event><Event ErrorLevel="0" Project="Email Client" Source="Email Client\EmailClient.resx" Description="File successfully backed up as E:\Project_2015-2016\MailBox\Email Client\Backup\Email Client\EmailClient.resx">
</Event><Event ErrorLevel="0" Project="Email Client" Source="Email Client\Properties\Resources.resx" Description="File successfully backed up as E:\Project_2015-2016\MailBox\Email Client\Backup\Email Client\Properties\Resources.resx">
</Event><Event ErrorLevel="1" Project="Email Client" Source="Email Client\Email Client.csproj" Description="Your project is targeting .NET Framework 2.0 or 3.0. If your project uses assemblies requiring a newer .NET Framework, your project will fail to build. You can change the .NET Framework version by clicking Properties on the project menu and then selecting a new version in the '.NET Framework' dropdown box. (In Visual Basic, this is located on the Compile tab by clicking the 'Advanced Compiler Options...' button.)">
</Event><Event ErrorLevel="0" Project="Email Client" Source="Email Client\Email Client.csproj" Description="Project converted successfully">
</Event><Event ErrorLevel="3" Project="Email Client" Source="Email Client\Email Client.csproj" Description="Converted">
</Event><Event ErrorLevel="0" Project="" Source="Email Client.sln" Description="Solution converted successfully">
</Event><Event ErrorLevel="3" Project="" Source="Email Client.sln" Description="Converted">
</Event><Event ErrorLevel="0" Project="Email Client" Source="Email Client\Email Client.csproj" Description="Scan complete: Upgrade not required for project files.">
</Event></UpgradeLog>